sport_name,year,num_athletes,sport_id
3x3 Basketball,2020,4,SPT_3X3_BASKETBALL
3x3 Basketball,2024,8,SPT_3X3_BASKETBALL
Alpine Skiing,1936,8,SPT_ALPINE_SKIING
Alpine Skiing,1948,13,SPT_ALPINE_SKIING
Alpine Skiing,1952,12,SPT_ALPINE_SKIING
Alpine Skiing,1956,11,SPT_ALPINE_SKIING
Alpine Skiing,1960,14,SPT_ALPINE_SKIING
Alpine Skiing,1964,12,SPT_ALPINE_SKIING
Alpine Skiing,1968,14,SPT_ALPINE_SKIING
Alpine Skiing,1972,13,SPT_ALPINE_SKIING
Alpine Skiing,1976,14,SPT_ALPINE_SKIING
Alpine Skiing,1980,13,SPT_ALPINE_SKIING
Alpine Skiing,1984,14,SPT_ALPINE_SKIING
Alpine Skiing,1988,23,SPT_ALPINE_SKIING
Alpine Skiing,1992,20,SPT_ALPINE_SKIING
Alpine Skiing,1994,22,SPT_ALPINE_SKIING
Alpine Skiing,1998,22,SPT_ALPINE_SKIING
Alpine Skiing,2002,22,SPT_ALPINE_SKIING
Alpine Skiing,2006,17,SPT_ALPINE_SKIING
Alpine Skiing,2010,20,SPT_ALPINE_SKIING
Alpine Skiing,2014,19,SPT_ALPINE_SKIING
Alpine Skiing,2018,20,SPT_ALPINE_SKIING
Alpine Skiing,2022,16,SPT_ALPINE_SKIING
American Football,1904,161,SPT_AMERICAN_FOOTBALL
American Football,1932,49,SPT_AMERICAN_FOOTBALL
Archery,1904,29,SPT_ARCHERY
Archery,1908,2,SPT_ARCHERY
Archery,1972,6,SPT_ARCHERY
Archery,1976,4,SPT_ARCHERY
Archery,1984,6,SPT_ARCHERY
Archery,1988,6,SPT_ARCHERY
Archery,1992,6,SPT_ARCHERY
Archery,1996,6,SPT_ARCHERY
Archery,2000,6,SPT_ARCHERY
Archery,2004,6,SPT_ARCHERY
Archery,2008,5,SPT_ARCHERY
Archery,2012,6,SPT_ARCHERY
Archery,2016,4,SPT_ARCHERY
Archery,2020,6,SPT_ARCHERY
Archery,2024,4,SPT_ARCHERY
Architecture,1928,11,SPT_ARCHITECTURE
Architecture,1932,21,SPT_ARCHITECTURE
Architecture,1936,11,SPT_ARCHITECTURE
Artistic Gymnastics,1904,126,SPT_ARTISTIC_GYMNASTICS
Artistic Gymnastics,1912,1,SPT_ARTISTIC_GYMNASTICS
Artistic Gymnastics,1920,4,SPT_ARTISTIC_GYMNASTICS
Artistic Gymnastics,1924,11,SPT_ARTISTIC_GYMNASTICS
Artistic Gymnastics,1928,8,SPT_ARTISTIC_GYMNASTICS
Artistic Gymnastics,1932,20,SPT_ARTISTIC_GYMNASTICS
Artistic Gymnastics,1936,16,SPT_ARTISTIC_GYMNASTICS
Artistic Gymnastics,1948,18,SPT_ARTISTIC_GYMNASTICS
Artistic Gymnastics,1952,16,SPT_ARTISTIC_GYMNASTICS
Artistic Gymnastics,1956,14,SPT_ARTISTIC_GYMNASTICS
Artistic Gymnastics,1960,12,SPT_ARTISTIC_GYMNASTICS
Artistic Gymnastics,1964,12,SPT_ARTISTIC_GYMNASTICS
Artistic Gymnastics,1968,14,SPT_ARTISTIC_GYMNASTICS
Artistic Gymnastics,1972,14,SPT_ARTISTIC_GYMNASTICS
Artistic Gymnastics,1976,14,SPT_ARTISTIC_GYMNASTICS
Artistic Gymnastics,1984,14,SPT_ARTISTIC_GYMNASTICS
Artistic Gymnastics,1988,14,SPT_ARTISTIC_GYMNASTICS
Artistic Gymnastics,1992,12,SPT_ARTISTIC_GYMNASTICS
Artistic Gymnastics,1996,14,SPT_ARTISTIC_GYMNASTICS
Artistic Gymnastics,2000,12,SPT_ARTISTIC_GYMNASTICS
Artistic Gymnastics,2004,12,SPT_ARTISTIC_GYMNASTICS
Artistic Gymnastics,2008,12,SPT_ARTISTIC_GYMNASTICS
Artistic Gymnastics,2012,10,SPT_ARTISTIC_GYMNASTICS
Artistic Gymnastics,2016,10,SPT_ARTISTIC_GYMNASTICS
Artistic Gymnastics,2020,11,SPT_ARTISTIC_GYMNASTICS
Artistic Gymnastics,2024,10,SPT_ARTISTIC_GYMNASTICS
Artistic Swimming,1984,3,SPT_ARTISTIC_SWIMMING
Artistic Swimming,1988,3,SPT_ARTISTIC_SWIMMING
Artistic Swimming,1992,3,SPT_ARTISTIC_SWIMMING
Artistic Swimming,1996,10,SPT_ARTISTIC_SWIMMING
Artistic Swimming,2000,9,SPT_ARTISTIC_SWIMMING
Artistic Swimming,2004,9,SPT_ARTISTIC_SWIMMING
Artistic Swimming,2008,9,SPT_ARTISTIC_SWIMMING
Artistic Swimming,2012,2,SPT_ARTISTIC_SWIMMING
Artistic Swimming,2016,2,SPT_ARTISTIC_SWIMMING
Artistic Swimming,2020,2,SPT_ARTISTIC_SWIMMING
Artistic Swimming,2024,8,SPT_ARTISTIC_SWIMMING
Athletics,1896,14,SPT_ATHLETICS
Athletics,1900,59,SPT_ATHLETICS
Athletics,1904,442,SPT_ATHLETICS
Athletics,1906,35,SPT_ATHLETICS
Athletics,1908,113,SPT_ATHLETICS
Athletics,1912,140,SPT_ATHLETICS
Athletics,1920,93,SPT_ATHLETICS
Athletics,1924,101,SPT_ATHLETICS
Athletics,1928,101,SPT_ATHLETICS
Athletics,1932,85,SPT_ATHLETICS
Athletics,1936,82,SPT_ATHLETICS
Athletics,1948,77,SPT_ATHLETICS
Athletics,1952,73,SPT_ATHLETICS
Athletics,1956,83,SPT_ATHLETICS
Athletics,1960,83,SPT_ATHLETICS
Athletics,1964,87,SPT_ATHLETICS
Athletics,1968,93,SPT_ATHLETICS
Athletics,1972,101,SPT_ATHLETICS
Athletics,1976,95,SPT_ATHLETICS
Athletics,1984,123,SPT_ATHLETICS
Athletics,1988,122,SPT_ATHLETICS
Athletics,1992,122,SPT_ATHLETICS
Athletics,1996,127,SPT_ATHLETICS
Athletics,2000,118,SPT_ATHLETICS
Athletics,2004,121,SPT_ATHLETICS
Athletics,2008,126,SPT_ATHLETICS
Athletics,2012,123,SPT_ATHLETICS
Athletics,2016,128,SPT_ATHLETICS
Athletics,2020,128,SPT_ATHLETICS
Athletics,2024,117,SPT_ATHLETICS
Badminton,1992,6,SPT_BADMINTON
Badminton,1996,3,SPT_BADMINTON
Badminton,2000,1,SPT_BADMINTON
Badminton,2004,2,SPT_BADMINTON
Badminton,2008,5,SPT_BADMINTON
Badminton,2012,3,SPT_BADMINTON
Badminton,2016,7,SPT_BADMINTON
Badminton,2020,4,SPT_BADMINTON
Badminton,2024,7,SPT_BADMINTON
Baseball,1912,32,SPT_BASEBALL
Baseball,1936,21,SPT_BASEBALL
Baseball,1956,19,SPT_BASEBALL
Baseball,1964,19,SPT_BASEBALL
Baseball,1984,20,SPT_BASEBALL
Baseball,1988,20,SPT_BASEBALL
Baseball,1992,20,SPT_BASEBALL
Baseball,1996,20,SPT_BASEBALL
Baseball,2000,24,SPT_BASEBALL
Baseball,2008,24,SPT_BASEBALL
Baseball,2020,24,SPT_BASEBALL
Basketball,1904,40,SPT_BASKETBALL
Basketball,1936,14,SPT_BASKETBALL
Basketball,1948,14,SPT_BASKETBALL
Basketball,1952,14,SPT_BASKETBALL
Basketball,1956,12,SPT_BASKETBALL
Basketball,1960,12,SPT_BASKETBALL
Basketball,1964,12,SPT_BASKETBALL
Basketball,1968,12,SPT_BASKETBALL
Basketball,1972,12,SPT_BASKETBALL
Basketball,1976,24,SPT_BASKETBALL
Basketball,1984,24,SPT_BASKETBALL
Basketball,1988,24,SPT_BASKETBALL
Basketball,1992,24,SPT_BASKETBALL
Basketball,1996,24,SPT_BASKETBALL
Basketball,2000,24,SPT_BASKETBALL
Basketball,2004,24,SPT_BASKETBALL
Basketball,2008,24,SPT_BASKETBALL
Basketball,2012,24,SPT_BASKETBALL
Basketball,2016,24,SPT_BASKETBALL
Basketball,2020,24,SPT_BASKETBALL
Basketball,2024,24,SPT_BASKETBALL
Basque pelota,1968,14,SPT_BASQUE_PELOTA
Beach Volleyball,1996,12,SPT_BEACH_VOLLEYBALL
Beach Volleyball,2000,8,SPT_BEACH_VOLLEYBALL
Beach Volleyball,2004,8,SPT_BEACH_VOLLEYBALL
Beach Volleyball,2008,8,SPT_BEACH_VOLLEYBALL
Beach Volleyball,2012,8,SPT_BEACH_VOLLEYBALL
Beach Volleyball,2016,8,SPT_BEACH_VOLLEYBALL
Beach Volleyball,2020,8,SPT_BEACH_VOLLEYBALL
Beach Volleyball,2024,8,SPT_BEACH_VOLLEYBALL
Biathlon,1960,4,SPT_BIATHLON
Biathlon,1964,4,SPT_BIATHLON
Biathlon,1968,5,SPT_BIATHLON
Biathlon,1972,4,SPT_BIATHLON
Biathlon,1976,5,SPT_BIATHLON
Biathlon,1980,6,SPT_BIATHLON
Biathlon,1984,6,SPT_BIATHLON
Biathlon,1988,5,SPT_BIATHLON
Biathlon,1992,11,SPT_BIATHLON
Biathlon,1994,9,SPT_BIATHLON
Biathlon,1998,9,SPT_BIATHLON
Biathlon,2002,8,SPT_BIATHLON
Biathlon,2006,9,SPT_BIATHLON
Biathlon,2010,9,SPT_BIATHLON
Biathlon,2014,10,SPT_BIATHLON
Biathlon,2018,8,SPT_BIATHLON
Biathlon,2022,8,SPT_BIATHLON
Bobsleigh,1928,10,SPT_BOBSLEIGH
Bobsleigh,1932,16,SPT_BOBSLEIGH
Bobsleigh,1936,11,SPT_BOBSLEIGH
Bobsleigh,1948,12,SPT_BOBSLEIGH
Bobsleigh,1952,10,SPT_BOBSLEIGH
Bobsleigh,1956,11,SPT_BOBSLEIGH
Bobsleigh,1964,9,SPT_BOBSLEIGH
Bobsleigh,1968,10,SPT_BOBSLEIGH
Bobsleigh,1972,9,SPT_BOBSLEIGH
Bobsleigh,1976,9,SPT_BOBSLEIGH
Bobsleigh,1980,9,SPT_BOBSLEIGH
Bobsleigh,1984,10,SPT_BOBSLEIGH
Bobsleigh,1988,9,SPT_BOBSLEIGH
Bobsleigh,1992,12,SPT_BOBSLEIGH
Bobsleigh,1994,10,SPT_BOBSLEIGH
Bobsleigh,1998,8,SPT_BOBSLEIGH
Bobsleigh,2002,13,SPT_BOBSLEIGH
Bobsleigh,2006,12,SPT_BOBSLEIGH
Bobsleigh,2010,18,SPT_BOBSLEIGH
Bobsleigh,2014,15,SPT_BOBSLEIGH
Bobsleigh,2018,16,SPT_BOBSLEIGH
Bobsleigh,2022,12,SPT_BOBSLEIGH
Bowling,1988,2,SPT_BOWLING
Boxing,1904,23,SPT_BOXING
Boxing,1920,16,SPT_BOXING
Boxing,1924,24,SPT_BOXING
Boxing,1928,15,SPT_BOXING
Boxing,1932,8,SPT_BOXING
Boxing,1936,16,SPT_BOXING
Boxing,1948,16,SPT_BOXING
Boxing,1952,14,SPT_BOXING
Boxing,1956,8,SPT_BOXING
Boxing,1960,10,SPT_BOXING
Boxing,1964,10,SPT_BOXING
Boxing,1968,11,SPT_BOXING
Boxing,1972,11,SPT_BOXING
Boxing,1976,11,SPT_BOXING
Boxing,1984,12,SPT_BOXING
Boxing,1988,12,SPT_BOXING
Boxing,1992,12,SPT_BOXING
Boxing,1996,12,SPT_BOXING
Boxing,2000,12,SPT_BOXING
Boxing,2004,9,SPT_BOXING
Boxing,2008,9,SPT_BOXING
Boxing,2012,12,SPT_BOXING
Boxing,2016,8,SPT_BOXING
Boxing,2020,10,SPT_BOXING
Boxing,2024,8,SPT_BOXING
Breaking,2024,4,SPT_BREAKING
Canoe Slalom,1972,13,SPT_CANOE_SLALOM
Canoe Slalom,1992,15,SPT_CANOE_SLALOM
Canoe Slalom,1996,9,SPT_CANOE_SLALOM
Canoe Slalom,2000,5,SPT_CANOE_SLALOM
Canoe Slalom,2004,6,SPT_CANOE_SLALOM
Canoe Slalom,2008,5,SPT_CANOE_SLALOM
Canoe Slalom,2012,5,SPT_CANOE_SLALOM
Canoe Slalom,2016,4,SPT_CANOE_SLALOM
Canoe Slalom,2020,3,SPT_CANOE_SLALOM
Canoe Slalom,2024,2,SPT_CANOE_SLALOM
Canoe Sprint,1924,4,SPT_CANOE_SPRINT
Canoe Sprint,1936,10,SPT_CANOE_SPRINT
Canoe Sprint,1948,8,SPT_CANOE_SPRINT
Canoe Sprint,1952,9,SPT_CANOE_SPRINT
Canoe Sprint,1956,12,SPT_CANOE_SPRINT
Canoe Sprint,1960,13,SPT_CANOE_SPRINT
Canoe Sprint,1964,11,SPT_CANOE_SPRINT
Canoe Sprint,1968,12,SPT_CANOE_SPRINT
Canoe Sprint,1972,13,SPT_CANOE_SPRINT
Canoe Sprint,1976,16,SPT_CANOE_SPRINT
Canoe Sprint,1984,16,SPT_CANOE_SPRINT
Canoe Sprint,1988,16,SPT_CANOE_SPRINT
Canoe Sprint,1992,17,SPT_CANOE_SPRINT
Canoe Sprint,1996,16,SPT_CANOE_SPRINT
Canoe Sprint,2000,9,SPT_CANOE_SPRINT
Canoe Sprint,2004,11,SPT_CANOE_SPRINT
Canoe Sprint,2008,2,SPT_CANOE_SPRINT
Canoe Sprint,2012,2,SPT_CANOE_SPRINT
Canoe Sprint,2016,1,SPT_CANOE_SPRINT
Canoe Sprint,2020,1,SPT_CANOE_SPRINT
Canoe Sprint,2024,3,SPT_CANOE_SPRINT
Cross Country Skiing,1924,4,SPT_CROSS_COUNTRY_SKIING
Cross Country Skiing,1928,3,SPT_CROSS_COUNTRY_SKIING
Cross Country Skiing,1932,9,SPT_CROSS_COUNTRY_SKIING
Cross Country Skiing,1936,5,SPT_CROSS_COUNTRY_SKIING
Cross Country Skiing,1948,5,SPT_CROSS_COUNTRY_SKIING
Cross Country Skiing,1952,7,SPT_CROSS_COUNTRY_SKIING
Cross Country Skiing,1956,5,SPT_CROSS_COUNTRY_SKIING
Cross Country Skiing,1960,10,SPT_CROSS_COUNTRY_SKIING
Cross Country Skiing,1964,7,SPT_CROSS_COUNTRY_SKIING
Cross Country Skiing,1968,7,SPT_CROSS_COUNTRY_SKIING
Cross Country Skiing,1972,15,SPT_CROSS_COUNTRY_SKIING
Cross Country Skiing,1976,13,SPT_CROSS_COUNTRY_SKIING
Cross Country Skiing,1980,10,SPT_CROSS_COUNTRY_SKIING
Cross Country Skiing,1984,12,SPT_CROSS_COUNTRY_SKIING
Cross Country Skiing,1988,13,SPT_CROSS_COUNTRY_SKIING
Cross Country Skiing,1992,17,SPT_CROSS_COUNTRY_SKIING
Cross Country Skiing,1994,16,SPT_CROSS_COUNTRY_SKIING
Cross Country Skiing,1998,10,SPT_CROSS_COUNTRY_SKIING
Cross Country Skiing,2002,15,SPT_CROSS_COUNTRY_SKIING
Cross Country Skiing,2006,16,SPT_CROSS_COUNTRY_SKIING
Cross Country Skiing,2010,11,SPT_CROSS_COUNTRY_SKIING
Cross Country Skiing,2014,14,SPT_CROSS_COUNTRY_SKIING
Cross Country Skiing,2018,18,SPT_CROSS_COUNTRY_SKIING
Cross Country Skiing,2022,13,SPT_CROSS_COUNTRY_SKIING
Curling,1932,16,SPT_CURLING
Curling,1988,9,SPT_CURLING
Curling,1992,5,SPT_CURLING
Curling,1998,10,SPT_CURLING
Curling,2002,10,SPT_CURLING
Curling,2006,10,SPT_CURLING
Curling,2010,10,SPT_CURLING
Curling,2014,10,SPT_CURLING
Curling,2018,10,SPT_CURLING
Curling,2022,11,SPT_CURLING
Cycling BMX Freestyle,2020,4,SPT_CYCLING_BMX_FREESTYLE
Cycling BMX Freestyle,2024,4,SPT_CYCLING_BMX_FREESTYLE
Cycling BMX Racing,2008,4,SPT_CYCLING_BMX_RACING
Cycling BMX Racing,2012,5,SPT_CYCLING_BMX_RACING
Cycling BMX Racing,2016,5,SPT_CYCLING_BMX_RACING
Cycling BMX Racing,2020,5,SPT_CYCLING_BMX_RACING
Cycling BMX Racing,2024,5,SPT_CYCLING_BMX_RACING
Cycling Mountain Bike,1996,4,SPT_CYCLING_MOUNTAIN_BIKE
Cycling Mountain Bike,2000,5,SPT_CYCLING_MOUNTAIN_BIKE
Cycling Mountain Bike,2004,3,SPT_CYCLING_MOUNTAIN_BIKE
Cycling Mountain Bike,2008,4,SPT_CYCLING_MOUNTAIN_BIKE
Cycling Mountain Bike,2012,4,SPT_CYCLING_MOUNTAIN_BIKE
Cycling Mountain Bike,2016,3,SPT_CYCLING_MOUNTAIN_BIKE
Cycling Mountain Bike,2020,4,SPT_CYCLING_MOUNTAIN_BIKE
Cycling Mountain Bike,2024,4,SPT_CYCLING_MOUNTAIN_BIKE
Cycling Road,1896,2,SPT_CYCLING_ROAD
Cycling Road,1912,9,SPT_CYCLING_ROAD
Cycling Road,1920,6,SPT_CYCLING_ROAD
Cycling Road,1924,4,SPT_CYCLING_ROAD
Cycling Road,1928,4,SPT_CYCLING_ROAD
Cycling Road,1932,4,SPT_CYCLING_ROAD
Cycling Road,1936,5,SPT_CYCLING_ROAD
Cycling Road,1948,4,SPT_CYCLING_ROAD
Cycling Road,1952,4,SPT_CYCLING_ROAD
Cycling Road,1956,4,SPT_CYCLING_ROAD
Cycling Road,1960,5,SPT_CYCLING_ROAD
Cycling Road,1964,6,SPT_CYCLING_ROAD
Cycling Road,1968,7,SPT_CYCLING_ROAD
Cycling Road,1972,7,SPT_CYCLING_ROAD
Cycling Road,1976,7,SPT_CYCLING_ROAD
Cycling Road,1984,10,SPT_CYCLING_ROAD
Cycling Road,1988,10,SPT_CYCLING_ROAD
Cycling Road,1992,10,SPT_CYCLING_ROAD
Cycling Road,1996,8,SPT_CYCLING_ROAD
Cycling Road,2000,8,SPT_CYCLING_ROAD
Cycling Road,2004,8,SPT_CYCLING_ROAD
Cycling Road,2008,8,SPT_CYCLING_ROAD
Cycling Road,2012,9,SPT_CYCLING_ROAD
Cycling Road,2016,6,SPT_CYCLING_ROAD
Cycling Road,2020,7,SPT_CYCLING_ROAD
Cycling Road,2024,6,SPT_CYCLING_ROAD
Cycling Track,1900,7,SPT_CYCLING_TRACK
Cycling Track,1904,35,SPT_CYCLING_TRACK
Cycling Track,1908,2,SPT_CYCLING_TRACK
Cycling Track,1920,5,SPT_CYCLING_TRACK
Cycling Track,1924,2,SPT_CYCLING_TRACK
Cycling Track,1932,8,SPT_CYCLING_TRACK
Cycling Track,1936,5,SPT_CYCLING_TRACK
Cycling Track,1948,5,SPT_CYCLING_TRACK
Cycling Track,1952,6,SPT_CYCLING_TRACK
Cycling Track,1956,7,SPT_CYCLING_TRACK
Cycling Track,1960,9,SPT_CYCLING_TRACK
Cycling Track,1964,10,SPT_CYCLING_TRACK
Cycling Track,1968,9,SPT_CYCLING_TRACK
Cycling Track,1972,8,SPT_CYCLING_TRACK
Cycling Track,1976,6,SPT_CYCLING_TRACK
Cycling Track,1984,10,SPT_CYCLING_TRACK
Cycling Track,1988,9,SPT_CYCLING_TRACK
Cycling Track,1992,10,SPT_CYCLING_TRACK
Cycling Track,1996,12,SPT_CYCLING_TRACK
Cycling Track,2000,13,SPT_CYCLING_TRACK
Cycling Track,2004,7,SPT_CYCLING_TRACK
Cycling Track,2008,8,SPT_CYCLING_TRACK
Cycling Track,2012,6,SPT_CYCLING_TRACK
Cycling Track,2016,6,SPT_CYCLING_TRACK
Cycling Track,2020,8,SPT_CYCLING_TRACK
Cycling Track,2024,5,SPT_CYCLING_TRACK
Diving,1904,2,SPT_DIVING
Diving,1906,1,SPT_DIVING
Diving,1908,2,SPT_DIVING
Diving,1912,2,SPT_DIVING
Diving,1920,14,SPT_DIVING
Diving,1924,10,SPT_DIVING
Diving,1928,9,SPT_DIVING
Diving,1932,9,SPT_DIVING
Diving,1936,10,SPT_DIVING
Diving,1948,7,SPT_DIVING
Diving,1952,11,SPT_DIVING
Diving,1956,11,SPT_DIVING
Diving,1960,6,SPT_DIVING
Diving,1964,12,SPT_DIVING
Diving,1968,11,SPT_DIVING
Diving,1972,8,SPT_DIVING
Diving,1976,11,SPT_DIVING
Diving,1984,7,SPT_DIVING
Diving,1988,7,SPT_DIVING
Diving,1992,8,SPT_DIVING
Diving,1996,8,SPT_DIVING
Diving,2000,7,SPT_DIVING
Diving,2004,11,SPT_DIVING
Diving,2008,12,SPT_DIVING
Diving,2012,11,SPT_DIVING
Diving,2016,10,SPT_DIVING
Diving,2020,11,SPT_DIVING
Diving,2024,11,SPT_DIVING
Dogsled Racing,1932,8,SPT_DOGSLED_RACING
Equestrian Dressage,1912,4,SPT_EQUESTRIAN_DRESSAGE
Equestrian Dressage,1920,3,SPT_EQUESTRIAN_DRESSAGE
Equestrian Dressage,1932,3,SPT_EQUESTRIAN_DRESSAGE
Equestrian Dressage,1936,3,SPT_EQUESTRIAN_DRESSAGE
Equestrian Dressage,1948,3,SPT_EQUESTRIAN_DRESSAGE
Equestrian Dressage,1952,3,SPT_EQUESTRIAN_DRESSAGE
Equestrian Dressage,1956,2,SPT_EQUESTRIAN_DRESSAGE
Equestrian Dressage,1960,2,SPT_EQUESTRIAN_DRESSAGE
Equestrian Dressage,1964,3,SPT_EQUESTRIAN_DRESSAGE
Equestrian Dressage,1968,3,SPT_EQUESTRIAN_DRESSAGE
Equestrian Dressage,1972,4,SPT_EQUESTRIAN_DRESSAGE
Equestrian Dressage,1976,5,SPT_EQUESTRIAN_DRESSAGE
Equestrian Dressage,1984,4,SPT_EQUESTRIAN_DRESSAGE
Equestrian Dressage,1988,4,SPT_EQUESTRIAN_DRESSAGE
Equestrian Dressage,1992,4,SPT_EQUESTRIAN_DRESSAGE
Equestrian Dressage,1996,4,SPT_EQUESTRIAN_DRESSAGE
Equestrian Dressage,2000,4,SPT_EQUESTRIAN_DRESSAGE
Equestrian Dressage,2004,4,SPT_EQUESTRIAN_DRESSAGE
Equestrian Dressage,2008,3,SPT_EQUESTRIAN_DRESSAGE
Equestrian Dressage,2012,4,SPT_EQUESTRIAN_DRESSAGE
Equestrian Dressage,2016,4,SPT_EQUESTRIAN_DRESSAGE
Equestrian Dressage,2020,3,SPT_EQUESTRIAN_DRESSAGE
Equestrian Dressage,2024,3,SPT_EQUESTRIAN_DRESSAGE
Equestrian Eventing,1912,4,SPT_EQUESTRIAN_EVENTING
Equestrian Eventing,1920,4,SPT_EQUESTRIAN_EVENTING
Equestrian Eventing,1924,4,SPT_EQUESTRIAN_EVENTING
Equestrian Eventing,1928,4,SPT_EQUESTRIAN_EVENTING
Equestrian Eventing,1932,3,SPT_EQUESTRIAN_EVENTING
Equestrian Eventing,1936,3,SPT_EQUESTRIAN_EVENTING
Equestrian Eventing,1948,1,SPT_EQUESTRIAN_EVENTING
Equestrian Eventing,1952,3,SPT_EQUESTRIAN_EVENTING
Equestrian Eventing,1956,3,SPT_EQUESTRIAN_EVENTING
Equestrian Eventing,1960,4,SPT_EQUESTRIAN_EVENTING
Equestrian Eventing,1964,4,SPT_EQUESTRIAN_EVENTING
Equestrian Eventing,1968,4,SPT_EQUESTRIAN_EVENTING
Equestrian Eventing,1972,5,SPT_EQUESTRIAN_EVENTING
Equestrian Eventing,1976,5,SPT_EQUESTRIAN_EVENTING
Equestrian Eventing,1984,5,SPT_EQUESTRIAN_EVENTING
Equestrian Eventing,1988,4,SPT_EQUESTRIAN_EVENTING
Equestrian Eventing,1992,4,SPT_EQUESTRIAN_EVENTING
Equestrian Eventing,1996,6,SPT_EQUESTRIAN_EVENTING
Equestrian Eventing,2000,6,SPT_EQUESTRIAN_EVENTING
Equestrian Eventing,2004,5,SPT_EQUESTRIAN_EVENTING
Equestrian Eventing,2008,5,SPT_EQUESTRIAN_EVENTING
Equestrian Eventing,2012,5,SPT_EQUESTRIAN_EVENTING
Equestrian Eventing,2016,4,SPT_EQUESTRIAN_EVENTING
Equestrian Eventing,2020,4,SPT_EQUESTRIAN_EVENTING
Equestrian Eventing,2024,3,SPT_EQUESTRIAN_EVENTING
Equestrian Jumping,1912,1,SPT_EQUESTRIAN_JUMPING
Equestrian Jumping,1920,4,SPT_EQUESTRIAN_JUMPING
Equestrian Jumping,1924,1,SPT_EQUESTRIAN_JUMPING
Equestrian Jumping,1928,2,SPT_EQUESTRIAN_JUMPING
Equestrian Jumping,1932,2,SPT_EQUESTRIAN_JUMPING
Equestrian Jumping,1936,2,SPT_EQUESTRIAN_JUMPING
Equestrian Jumping,1948,3,SPT_EQUESTRIAN_JUMPING
Equestrian Jumping,1952,3,SPT_EQUESTRIAN_JUMPING
Equestrian Jumping,1956,3,SPT_EQUESTRIAN_JUMPING
Equestrian Jumping,1960,4,SPT_EQUESTRIAN_JUMPING
Equestrian Jumping,1964,4,SPT_EQUESTRIAN_JUMPING
Equestrian Jumping,1968,4,SPT_EQUESTRIAN_JUMPING
Equestrian Jumping,1972,4,SPT_EQUESTRIAN_JUMPING
Equestrian Jumping,1976,4,SPT_EQUESTRIAN_JUMPING
Equestrian Jumping,1984,5,SPT_EQUESTRIAN_JUMPING
Equestrian Jumping,1988,4,SPT_EQUESTRIAN_JUMPING
Equestrian Jumping,1992,4,SPT_EQUESTRIAN_JUMPING
Equestrian Jumping,1996,4,SPT_EQUESTRIAN_JUMPING
Equestrian Jumping,2000,4,SPT_EQUESTRIAN_JUMPING
Equestrian Jumping,2004,4,SPT_EQUESTRIAN_JUMPING
Equestrian Jumping,2008,4,SPT_EQUESTRIAN_JUMPING
Equestrian Jumping,2012,4,SPT_EQUESTRIAN_JUMPING
Equestrian Jumping,2016,4,SPT_EQUESTRIAN_JUMPING
Equestrian Jumping,2020,4,SPT_EQUESTRIAN_JUMPING
Equestrian Jumping,2024,3,SPT_EQUESTRIAN_JUMPING
Fencing,1896,2,SPT_FENCING
Fencing,1900,2,SPT_FENCING
Fencing,1904,9,SPT_FENCING
Fencing,1912,14,SPT_FENCING
Fencing,1920,17,SPT_FENCING
Fencing,1924,22,SPT_FENCING
Fencing,1928,16,SPT_FENCING
Fencing,1932,21,SPT_FENCING
Fencing,1936,22,SPT_FENCING
Fencing,1948,20,SPT_FENCING
Fencing,1952,20,SPT_FENCING
Fencing,1956,19,SPT_FENCING
Fencing,1960,21,SPT_FENCING
Fencing,1964,19,SPT_FENCING
Fencing,1968,20,SPT_FENCING
Fencing,1972,19,SPT_FENCING
Fencing,1976,19,SPT_FENCING
Fencing,1984,20,SPT_FENCING
Fencing,1988,20,SPT_FENCING
Fencing,1992,16,SPT_FENCING
Fencing,1996,15,SPT_FENCING
Fencing,2000,8,SPT_FENCING
Fencing,2004,15,SPT_FENCING
Fencing,2008,13,SPT_FENCING
Fencing,2012,20,SPT_FENCING
Fencing,2016,17,SPT_FENCING
Fencing,2020,24,SPT_FENCING
Fencing,2024,20,SPT_FENCING
Figure Skating,1908,1,SPT_FIGURE_SKATING
Figure Skating,1920,2,SPT_FIGURE_SKATING
Figure Skating,1924,3,SPT_FIGURE_SKATING
Figure Skating,1928,6,SPT_FIGURE_SKATING
Figure Skating,1932,14,SPT_FIGURE_SKATING
Figure Skating,1936,9,SPT_FIGURE_SKATING
Figure Skating,1948,9,SPT_FIGURE_SKATING
Figure Skating,1952,10,SPT_FIGURE_SKATING
Figure Skating,1956,10,SPT_FIGURE_SKATING
Figure Skating,1960,12,SPT_FIGURE_SKATING
Figure Skating,1964,12,SPT_FIGURE_SKATING
Figure Skating,1968,18,SPT_FIGURE_SKATING
Figure Skating,1972,11,SPT_FIGURE_SKATING
Figure Skating,1976,15,SPT_FIGURE_SKATING
Figure Skating,1980,16,SPT_FIGURE_SKATING
Figure Skating,1984,18,SPT_FIGURE_SKATING
Figure Skating,1988,16,SPT_FIGURE_SKATING
Figure Skating,1992,16,SPT_FIGURE_SKATING
Figure Skating,1994,12,SPT_FIGURE_SKATING
Figure Skating,1998,13,SPT_FIGURE_SKATING
Figure Skating,2002,14,SPT_FIGURE_SKATING
Figure Skating,2006,16,SPT_FIGURE_SKATING
Figure Skating,2010,15,SPT_FIGURE_SKATING
Figure Skating,2014,15,SPT_FIGURE_SKATING
Figure Skating,2018,14,SPT_FIGURE_SKATING
Figure Skating,2022,16,SPT_FIGURE_SKATING
Firefighting,1900,14,SPT_FIREFIGHTING
Football,1904,23,SPT_FOOTBALL
Football,1924,17,SPT_FOOTBALL
Football,1928,16,SPT_FOOTBALL
Football,1936,17,SPT_FOOTBALL
Football,1948,15,SPT_FOOTBALL
Football,1952,15,SPT_FOOTBALL
Football,1956,16,SPT_FOOTBALL
Football,1972,19,SPT_FOOTBALL
Football,1984,17,SPT_FOOTBALL
Football,1988,20,SPT_FOOTBALL
Football,1992,20,SPT_FOOTBALL
Football,1996,41,SPT_FOOTBALL
Football,2000,44,SPT_FOOTBALL
Football,2004,22,SPT_FOOTBALL
Football,2008,36,SPT_FOOTBALL
Football,2012,22,SPT_FOOTBALL
Football,2016,22,SPT_FOOTBALL
Football,2020,22,SPT_FOOTBALL
Football,2024,44,SPT_FOOTBALL
Freestyle Skiing,1988,9,SPT_FREESTYLE_SKIING
Freestyle Skiing,1992,15,SPT_FREESTYLE_SKIING
Freestyle Skiing,1994,12,SPT_FREESTYLE_SKIING
Freestyle Skiing,1998,14,SPT_FREESTYLE_SKIING
Freestyle Skiing,2002,14,SPT_FREESTYLE_SKIING
Freestyle Skiing,2006,14,SPT_FREESTYLE_SKIING
Freestyle Skiing,2010,18,SPT_FREESTYLE_SKIING
Freestyle Skiing,2014,25,SPT_FREESTYLE_SKIING
Freestyle Skiing,2018,29,SPT_FREESTYLE_SKIING
Freestyle Skiing,2022,32,SPT_FREESTYLE_SKIING
Golf,1900,7,SPT_GOLF
Golf,1904,104,SPT_GOLF
Golf,2016,7,SPT_GOLF
Golf,2020,8,SPT_GOLF
Golf,2024,7,SPT_GOLF
Handball,1936,13,SPT_HANDBALL
Handball,1972,16,SPT_HANDBALL
Handball,1976,14,SPT_HANDBALL
Handball,1984,30,SPT_HANDBALL
Handball,1988,30,SPT_HANDBALL
Handball,1992,16,SPT_HANDBALL
Handball,1996,32,SPT_HANDBALL
Hockey,1932,17,SPT_HOCKEY
Hockey,1936,15,SPT_HOCKEY
Hockey,1948,16,SPT_HOCKEY
Hockey,1956,16,SPT_HOCKEY
Hockey,1984,32,SPT_HOCKEY
Hockey,1988,16,SPT_HOCKEY
Hockey,1996,32,SPT_HOCKEY
Hockey,2008,18,SPT_HOCKEY
Hockey,2012,18,SPT_HOCKEY
Hockey,2016,16,SPT_HOCKEY
Hockey,2024,16,SPT_HOCKEY
Ice Hockey,1920,11,SPT_ICE_HOCKEY
Ice Hockey,1924,10,SPT_ICE_HOCKEY
Ice Hockey,1932,50,SPT_ICE_HOCKEY
Ice Hockey,1936,13,SPT_ICE_HOCKEY
Ice Hockey,1948,15,SPT_ICE_HOCKEY
Ice Hockey,1952,15,SPT_ICE_HOCKEY
Ice Hockey,1956,18,SPT_ICE_HOCKEY
Ice Hockey,1960,17,SPT_ICE_HOCKEY
Ice Hockey,1964,17,SPT_ICE_HOCKEY
Ice Hockey,1968,18,SPT_ICE_HOCKEY
Ice Hockey,1972,20,SPT_ICE_HOCKEY
Ice Hockey,1976,21,SPT_ICE_HOCKEY
Ice Hockey,1980,20,SPT_ICE_HOCKEY
Ice Hockey,1984,20,SPT_ICE_HOCKEY
Ice Hockey,1988,23,SPT_ICE_HOCKEY
Ice Hockey,1992,23,SPT_ICE_HOCKEY
Ice Hockey,1994,23,SPT_ICE_HOCKEY
Ice Hockey,1998,43,SPT_ICE_HOCKEY
Ice Hockey,2002,43,SPT_ICE_HOCKEY
Ice Hockey,2006,43,SPT_ICE_HOCKEY
Ice Hockey,2010,44,SPT_ICE_HOCKEY
Ice Hockey,2014,46,SPT_ICE_HOCKEY
Ice Hockey,2018,48,SPT_ICE_HOCKEY
Ice Hockey,2022,49,SPT_ICE_HOCKEY
Jeu De Paume,1908,2,SPT_JEU_DE_PAUME
Judo,1964,4,SPT_JUDO
Judo,1972,6,SPT_JUDO
Judo,1976,6,SPT_JUDO
Judo,1984,8,SPT_JUDO
Judo,1988,10,SPT_JUDO
Judo,1992,14,SPT_JUDO
Judo,1996,14,SPT_JUDO
Judo,2000,14,SPT_JUDO
Judo,2004,12,SPT_JUDO
Judo,2008,10,SPT_JUDO
Judo,2012,5,SPT_JUDO
Judo,2016,6,SPT_JUDO
Judo,2020,4,SPT_JUDO
Judo,2024,4,SPT_JUDO
Karate,2020,4,SPT_KARATE
Kendo,1964,1,SPT_KENDO
Lacrosse,1904,12,SPT_LACROSSE
Lacrosse,1928,12,SPT_LACROSSE
Lacrosse,1932,18,SPT_LACROSSE
Lacrosse,1948,18,SPT_LACROSSE
Literature,1924,2,SPT_LITERATURE
Literature,1932,2,SPT_LITERATURE
Literature,1936,5,SPT_LITERATURE
Literature,1952,1,SPT_LITERATURE
Luge,1964,9,SPT_LUGE
Luge,1968,8,SPT_LUGE
Luge,1972,11,SPT_LUGE
Luge,1976,9,SPT_LUGE
Luge,1980,10,SPT_LUGE
Luge,1984,9,SPT_LUGE
Luge,1988,10,SPT_LUGE
Luge,1992,9,SPT_LUGE
Luge,1994,10,SPT_LUGE
Luge,1998,10,SPT_LUGE
Luge,2002,10,SPT_LUGE
Luge,2006,10,SPT_LUGE
Luge,2010,10,SPT_LUGE
Luge,2014,10,SPT_LUGE
Luge,2018,10,SPT_LUGE
Luge,2022,8,SPT_LUGE
Marathon Swimming,2008,2,SPT_MARATHON_SWIMMING
Marathon Swimming,2012,2,SPT_MARATHON_SWIMMING
Marathon Swimming,2016,3,SPT_MARATHON_SWIMMING
Marathon Swimming,2020,3,SPT_MARATHON_SWIMMING
Marathon Swimming,2024,3,SPT_MARATHON_SWIMMING
Military Ski Patrol,1948,4,SPT_MILITARY_SKI_PATROL
Modern Pentathlon,1920,2,SPT_MODERN_PENTATHLON
Modern Pentathlon,1924,4,SPT_MODERN_PENTATHLON
Modern Pentathlon,1928,3,SPT_MODERN_PENTATHLON
Modern Pentathlon,1932,3,SPT_MODERN_PENTATHLON
Modern Pentathlon,1936,3,SPT_MODERN_PENTATHLON
Modern Pentathlon,1948,3,SPT_MODERN_PENTATHLON
Modern Pentathlon,1952,3,SPT_MODERN_PENTATHLON
Modern Pentathlon,1956,3,SPT_MODERN_PENTATHLON
Modern Pentathlon,1960,3,SPT_MODERN_PENTATHLON
Modern Pentathlon,1964,3,SPT_MODERN_PENTATHLON
Modern Pentathlon,1968,3,SPT_MODERN_PENTATHLON
Modern Pentathlon,1972,3,SPT_MODERN_PENTATHLON
Modern Pentathlon,1976,3,SPT_MODERN_PENTATHLON
Modern Pentathlon,1984,3,SPT_MODERN_PENTATHLON
Modern Pentathlon,1988,3,SPT_MODERN_PENTATHLON
Modern Pentathlon,1992,3,SPT_MODERN_PENTATHLON
Modern Pentathlon,1996,1,SPT_MODERN_PENTATHLON
Modern Pentathlon,2000,4,SPT_MODERN_PENTATHLON
Modern Pentathlon,2004,4,SPT_MODERN_PENTATHLON
Modern Pentathlon,2008,4,SPT_MODERN_PENTATHLON
Modern Pentathlon,2012,3,SPT_MODERN_PENTATHLON
Modern Pentathlon,2016,3,SPT_MODERN_PENTATHLON
Modern Pentathlon,2020,2,SPT_MODERN_PENTATHLON
Modern Pentathlon,2024,1,SPT_MODERN_PENTATHLON
Music,1932,21,SPT_MUSIC
Music,1936,3,SPT_MUSIC
Nordic Combined,1924,4,SPT_NORDIC_COMBINED
Nordic Combined,1928,3,SPT_NORDIC_COMBINED
Nordic Combined,1932,10,SPT_NORDIC_COMBINED
Nordic Combined,1936,4,SPT_NORDIC_COMBINED
Nordic Combined,1948,4,SPT_NORDIC_COMBINED
Nordic Combined,1952,4,SPT_NORDIC_COMBINED
Nordic Combined,1956,4,SPT_NORDIC_COMBINED
Nordic Combined,1960,4,SPT_NORDIC_COMBINED
Nordic Combined,1964,3,SPT_NORDIC_COMBINED
Nordic Combined,1968,4,SPT_NORDIC_COMBINED
Nordic Combined,1972,4,SPT_NORDIC_COMBINED
Nordic Combined,1976,3,SPT_NORDIC_COMBINED
Nordic Combined,1980,4,SPT_NORDIC_COMBINED
Nordic Combined,1984,3,SPT_NORDIC_COMBINED
Nordic Combined,1988,4,SPT_NORDIC_COMBINED
Nordic Combined,1992,4,SPT_NORDIC_COMBINED
Nordic Combined,1994,4,SPT_NORDIC_COMBINED
Nordic Combined,1998,4,SPT_NORDIC_COMBINED
Nordic Combined,2002,4,SPT_NORDIC_COMBINED
Nordic Combined,2006,6,SPT_NORDIC_COMBINED
Nordic Combined,2010,5,SPT_NORDIC_COMBINED
Nordic Combined,2014,4,SPT_NORDIC_COMBINED
Nordic Combined,2018,5,SPT_NORDIC_COMBINED
Nordic Combined,2022,5,SPT_NORDIC_COMBINED
Painting,1928,13,SPT_PAINTING
Painting,1932,110,SPT_PAINTING
Painting,1936,25,SPT_PAINTING
Polo,1900,18,SPT_POLO
Polo,1920,4,SPT_POLO
Polo,1924,4,SPT_POLO
Rhythmic Gymnastics,1984,2,SPT_RHYTHMIC_GYMNASTICS
Rhythmic Gymnastics,1988,2,SPT_RHYTHMIC_GYMNASTICS
Rhythmic Gymnastics,1992,2,SPT_RHYTHMIC_GYMNASTICS
Rhythmic Gymnastics,1996,7,SPT_RHYTHMIC_GYMNASTICS
Rhythmic Gymnastics,2004,1,SPT_RHYTHMIC_GYMNASTICS
Rhythmic Gymnastics,2012,1,SPT_RHYTHMIC_GYMNASTICS
Rhythmic Gymnastics,2016,6,SPT_RHYTHMIC_GYMNASTICS
Rhythmic Gymnastics,2020,7,SPT_RHYTHMIC_GYMNASTICS
Rhythmic Gymnastics,2024,1,SPT_RHYTHMIC_GYMNASTICS
Roller Hockey,1992,10,SPT_ROLLER_HOCKEY
Roque,1904,4,SPT_ROQUE
Rowing,1900,9,SPT_ROWING
Rowing,1904,83,SPT_ROWING
Rowing,1920,18,SPT_ROWING
Rowing,1924,25,SPT_ROWING
Rowing,1928,32,SPT_ROWING
Rowing,1932,34,SPT_ROWING
Rowing,1936,29,SPT_ROWING
Rowing,1948,26,SPT_ROWING
Rowing,1952,26,SPT_ROWING
Rowing,1956,26,SPT_ROWING
Rowing,1960,26,SPT_ROWING
Rowing,1964,27,SPT_ROWING
Rowing,1968,27,SPT_ROWING
Rowing,1972,26,SPT_ROWING
Rowing,1976,54,SPT_ROWING
Rowing,1984,54,SPT_ROWING
Rowing,1988,53,SPT_ROWING
Rowing,1992,52,SPT_ROWING
Rowing,1996,46,SPT_ROWING
Rowing,2000,48,SPT_ROWING
Rowing,2004,45,SPT_ROWING
Rowing,2008,45,SPT_ROWING
Rowing,2012,44,SPT_ROWING
Rowing,2016,41,SPT_ROWING
Rowing,2020,37,SPT_ROWING
Rowing,2024,42,SPT_ROWING
Rugby,1920,21,SPT_RUGBY
Rugby,1924,26,SPT_RUGBY
Rugby Sevens,2016,25,SPT_RUGBY_SEVENS
Rugby Sevens,2020,26,SPT_RUGBY_SEVENS
Rugby Sevens,2024,26,SPT_RUGBY_SEVENS
Sailing,1900,3,SPT_SAILING
Sailing,1928,10,SPT_SAILING
Sailing,1932,21,SPT_SAILING
Sailing,1936,14,SPT_SAILING
Sailing,1948,13,SPT_SAILING
Sailing,1952,16,SPT_SAILING
Sailing,1956,13,SPT_SAILING
Sailing,1960,11,SPT_SAILING
Sailing,1964,11,SPT_SAILING
Sailing,1968,11,SPT_SAILING
Sailing,1972,13,SPT_SAILING
Sailing,1976,12,SPT_SAILING
Sailing,1984,20,SPT_SAILING
Sailing,1988,15,SPT_SAILING
Sailing,1992,17,SPT_SAILING
Sailing,1996,16,SPT_SAILING
Sailing,2000,18,SPT_SAILING
Sailing,2004,18,SPT_SAILING
Sailing,2008,18,SPT_SAILING
Sailing,2012,16,SPT_SAILING
Sailing,2016,15,SPT_SAILING
Sailing,2020,13,SPT_SAILING
Sailing,2024,13,SPT_SAILING
Sculpture,1912,1,SPT_SCULPTURE
Sculpture,1928,23,SPT_SCULPTURE
Sculpture,1932,42,SPT_SCULPTURE
Sculpture,1936,5,SPT_SCULPTURE
Shooting,1896,3,SPT_SHOOTING
Shooting,1900,15,SPT_SHOOTING
Shooting,1908,17,SPT_SHOOTING
Shooting,1912,38,SPT_SHOOTING
Shooting,1920,29,SPT_SHOOTING
Shooting,1924,21,SPT_SHOOTING
Shooting,1932,6,SPT_SHOOTING
Shooting,1936,6,SPT_SHOOTING
Shooting,1948,12,SPT_SHOOTING
Shooting,1952,6,SPT_SHOOTING
Shooting,1956,8,SPT_SHOOTING
Shooting,1960,9,SPT_SHOOTING
Shooting,1964,10,SPT_SHOOTING
Shooting,1968,12,SPT_SHOOTING
Shooting,1972,14,SPT_SHOOTING
Shooting,1976,14,SPT_SHOOTING
Shooting,1984,20,SPT_SHOOTING
Shooting,1988,24,SPT_SHOOTING
Shooting,1992,21,SPT_SHOOTING
Shooting,1996,25,SPT_SHOOTING
Shooting,2000,28,SPT_SHOOTING
Shooting,2004,21,SPT_SHOOTING
Shooting,2008,22,SPT_SHOOTING
Shooting,2012,20,SPT_SHOOTING
Shooting,2016,20,SPT_SHOOTING
Shooting,2020,20,SPT_SHOOTING
Shooting,2024,17,SPT_SHOOTING
Short Track Speed Skating,1988,8,SPT_SHORT_TRACK_SPEED_SKATING
Short Track Speed Skating,1992,6,SPT_SHORT_TRACK_SPEED_SKATING
Short Track Speed Skating,1994,10,SPT_SHORT_TRACK_SPEED_SKATING
Short Track Speed Skating,1998,11,SPT_SHORT_TRACK_SPEED_SKATING
Short Track Speed Skating,2002,10,SPT_SHORT_TRACK_SPEED_SKATING
Short Track Speed Skating,2006,10,SPT_SHORT_TRACK_SPEED_SKATING
Short Track Speed Skating,2010,10,SPT_SHORT_TRACK_SPEED_SKATING
Short Track Speed Skating,2014,8,SPT_SHORT_TRACK_SPEED_SKATING
Short Track Speed Skating,2018,8,SPT_SHORT_TRACK_SPEED_SKATING
Short Track Speed Skating,2022,7,SPT_SHORT_TRACK_SPEED_SKATING
Skateboarding,2020,12,SPT_SKATEBOARDING
Skateboarding,2024,12,SPT_SKATEBOARDING
Skeleton,1928,3,SPT_SKELETON
Skeleton,1948,4,SPT_SKELETON
Skeleton,2002,5,SPT_SKELETON
Skeleton,2006,4,SPT_SKELETON
Skeleton,2010,5,SPT_SKELETON
Skeleton,2014,5,SPT_SKELETON
Skeleton,2018,4,SPT_SKELETON
Skeleton,2022,3,SPT_SKELETON
Ski Jumping,1924,4,SPT_SKI_JUMPING
Ski Jumping,1928,3,SPT_SKI_JUMPING
Ski Jumping,1932,8,SPT_SKI_JUMPING
Ski Jumping,1936,4,SPT_SKI_JUMPING
Ski Jumping,1948,4,SPT_SKI_JUMPING
Ski Jumping,1952,4,SPT_SKI_JUMPING
Ski Jumping,1956,4,SPT_SKI_JUMPING
Ski Jumping,1960,4,SPT_SKI_JUMPING
Ski Jumping,1964,4,SPT_SKI_JUMPING
Ski Jumping,1968,5,SPT_SKI_JUMPING
Ski Jumping,1972,4,SPT_SKI_JUMPING
Ski Jumping,1976,6,SPT_SKI_JUMPING
Ski Jumping,1980,6,SPT_SKI_JUMPING
Ski Jumping,1984,5,SPT_SKI_JUMPING
Ski Jumping,1988,6,SPT_SKI_JUMPING
Ski Jumping,1992,4,SPT_SKI_JUMPING
Ski Jumping,1994,6,SPT_SKI_JUMPING
Ski Jumping,1998,5,SPT_SKI_JUMPING
Ski Jumping,2002,5,SPT_SKI_JUMPING
Ski Jumping,2006,5,SPT_SKI_JUMPING
Ski Jumping,2010,4,SPT_SKI_JUMPING
Ski Jumping,2014,7,SPT_SKI_JUMPING
Ski Jumping,2018,7,SPT_SKI_JUMPING
Ski Jumping,2022,5,SPT_SKI_JUMPING
Snowboarding,1998,14,SPT_SNOWBOARDING
Snowboarding,2002,14,SPT_SNOWBOARDING
Snowboarding,2006,16,SPT_SNOWBOARDING
Snowboarding,2010,18,SPT_SNOWBOARDING
Snowboarding,2014,23,SPT_SNOWBOARDING
Snowboarding,2018,25,SPT_SNOWBOARDING
Snowboarding,2022,26,SPT_SNOWBOARDING
Softball,1996,15,SPT_SOFTBALL
Softball,2000,15,SPT_SOFTBALL
Softball,2004,15,SPT_SOFTBALL
Softball,2008,15,SPT_SOFTBALL
Softball,2020,15,SPT_SOFTBALL
Speed Skating,1924,6,SPT_SPEED_SKATING
Speed Skating,1928,4,SPT_SPEED_SKATING
Speed Skating,1932,18,SPT_SPEED_SKATING
Speed Skating,1936,5,SPT_SPEED_SKATING
Speed Skating,1948,9,SPT_SPEED_SKATING
Speed Skating,1952,7,SPT_SPEED_SKATING
Speed Skating,1956,8,SPT_SPEED_SKATING
Speed Skating,1960,15,SPT_SPEED_SKATING
Speed Skating,1964,15,SPT_SPEED_SKATING
Speed Skating,1968,15,SPT_SPEED_SKATING
Speed Skating,1972,16,SPT_SPEED_SKATING
Speed Skating,1976,14,SPT_SPEED_SKATING
Speed Skating,1980,11,SPT_SPEED_SKATING
Speed Skating,1984,13,SPT_SPEED_SKATING
Speed Skating,1988,17,SPT_SPEED_SKATING
Speed Skating,1992,19,SPT_SPEED_SKATING
Speed Skating,1994,16,SPT_SPEED_SKATING
Speed Skating,1998,14,SPT_SPEED_SKATING
Speed Skating,2002,17,SPT_SPEED_SKATING
Speed Skating,2006,18,SPT_SPEED_SKATING
Speed Skating,2010,18,SPT_SPEED_SKATING
Speed Skating,2014,17,SPT_SPEED_SKATING
Speed Skating,2018,13,SPT_SPEED_SKATING
Speed Skating,2022,12,SPT_SPEED_SKATING
Speed Skiing,1992,8,SPT_SPEED_SKIING
Sport Climbing,2020,4,SPT_SPORT_CLIMBING
Sport Climbing,2024,8,SPT_SPORT_CLIMBING
Surfing,2020,4,SPT_SURFING
Surfing,2024,5,SPT_SURFING
Swimming,1896,1,SPT_SWIMMING
Swimming,1900,2,SPT_SWIMMING
Swimming,1904,39,SPT_SWIMMING
Swimming,1906,4,SPT_SWIMMING
Swimming,1908,9,SPT_SWIMMING
Swimming,1912,15,SPT_SWIMMING
Swimming,1920,22,SPT_SWIMMING
Swimming,1924,27,SPT_SWIMMING
Swimming,1928,23,SPT_SWIMMING
Swimming,1932,29,SPT_SWIMMING
Swimming,1936,29,SPT_SWIMMING
Swimming,1948,31,SPT_SWIMMING
Swimming,1952,33,SPT_SWIMMING
Swimming,1956,29,SPT_SWIMMING
Swimming,1960,31,SPT_SWIMMING
Swimming,1964,48,SPT_SWIMMING
Swimming,1968,52,SPT_SWIMMING
Swimming,1972,51,SPT_SWIMMING
Swimming,1976,51,SPT_SWIMMING
Swimming,1984,43,SPT_SWIMMING
Swimming,1988,44,SPT_SWIMMING
Swimming,1992,40,SPT_SWIMMING
Swimming,1996,44,SPT_SWIMMING
Swimming,2000,48,SPT_SWIMMING
Swimming,2004,43,SPT_SWIMMING
Swimming,2008,41,SPT_SWIMMING
Swimming,2012,47,SPT_SWIMMING
Swimming,2016,45,SPT_SWIMMING
Swimming,2020,50,SPT_SWIMMING
Swimming,2024,46,SPT_SWIMMING
Table Tennis,1988,3,SPT_TABLE_TENNIS
Table Tennis,1992,5,SPT_TABLE_TENNIS
Table Tennis,1996,6,SPT_TABLE_TENNIS
Table Tennis,2000,8,SPT_TABLE_TENNIS
Table Tennis,2004,7,SPT_TABLE_TENNIS
Table Tennis,2008,4,SPT_TABLE_TENNIS
Table Tennis,2012,4,SPT_TABLE_TENNIS
Table Tennis,2016,6,SPT_TABLE_TENNIS
Table Tennis,2020,6,SPT_TABLE_TENNIS
Table Tennis,2024,4,SPT_TABLE_TENNIS
Taekwondo,1988,15,SPT_TAEKWONDO
Taekwondo,1992,8,SPT_TAEKWONDO
Taekwondo,2000,4,SPT_TAEKWONDO
Taekwondo,2004,2,SPT_TAEKWONDO
Taekwondo,2008,4,SPT_TAEKWONDO
Taekwondo,2012,4,SPT_TAEKWONDO
Taekwondo,2016,4,SPT_TAEKWONDO
Taekwondo,2020,2,SPT_TAEKWONDO
Taekwondo,2024,4,SPT_TAEKWONDO
Tennis,1900,9,SPT_TENNIS
Tennis,1904,54,SPT_TENNIS
Tennis,1906,2,SPT_TENNIS
Tennis,1912,1,SPT_TENNIS
Tennis,1924,9,SPT_TENNIS
Tennis,1968,8,SPT_TENNIS
Tennis,1984,8,SPT_TENNIS
Tennis,1988,7,SPT_TENNIS
Tennis,1992,7,SPT_TENNIS
Tennis,1996,7,SPT_TENNIS
Tennis,2000,10,SPT_TENNIS
Tennis,2004,10,SPT_TENNIS
Tennis,2008,10,SPT_TENNIS
Tennis,2012,12,SPT_TENNIS
Tennis,2016,11,SPT_TENNIS
Tennis,2020,11,SPT_TENNIS
Tennis,2024,11,SPT_TENNIS
Trampolining,2000,1,SPT_TRAMPOLINING
Trampolining,2004,1,SPT_TRAMPOLINING
Trampolining,2008,2,SPT_TRAMPOLINING
Trampolining,2012,2,SPT_TRAMPOLINING
Trampolining,2016,2,SPT_TRAMPOLINING
Trampolining,2020,2,SPT_TRAMPOLINING
Trampolining,2024,2,SPT_TRAMPOLINING
Triathlon,2000,6,SPT_TRIATHLON
Triathlon,2004,6,SPT_TRIATHLON
Triathlon,2008,6,SPT_TRIATHLON
Triathlon,2012,5,SPT_TRIATHLON
Triathlon,2016,6,SPT_TRIATHLON
Triathlon,2020,5,SPT_TRIATHLON
Triathlon,2024,5,SPT_TRIATHLON
Tug-Of-War,1904,20,SPT_TUG-OF-WAR
Tug-Of-War,1908,8,SPT_TUG-OF-WAR
Tug-Of-War,1920,8,SPT_TUG-OF-WAR
Volleyball,1964,24,SPT_VOLLEYBALL
Volleyball,1968,24,SPT_VOLLEYBALL
Volleyball,1984,24,SPT_VOLLEYBALL
Volleyball,1988,24,SPT_VOLLEYBALL
Volleyball,1992,24,SPT_VOLLEYBALL
Volleyball,1996,24,SPT_VOLLEYBALL
Volleyball,2000,24,SPT_VOLLEYBALL
Volleyball,2004,24,SPT_VOLLEYBALL
Volleyball,2008,24,SPT_VOLLEYBALL
Volleyball,2012,24,SPT_VOLLEYBALL
Volleyball,2016,24,SPT_VOLLEYBALL
Volleyball,2020,24,SPT_VOLLEYBALL
Volleyball,2024,25,SPT_VOLLEYBALL
Water Polo,1904,21,SPT_WATER_POLO
Water Polo,1920,12,SPT_WATER_POLO
Water Polo,1924,11,SPT_WATER_POLO
Water Polo,1928,11,SPT_WATER_POLO
Water Polo,1932,11,SPT_WATER_POLO
Water Polo,1936,11,SPT_WATER_POLO
Water Polo,1948,11,SPT_WATER_POLO
Water Polo,1952,11,SPT_WATER_POLO
Water Polo,1956,11,SPT_WATER_POLO
Water Polo,1960,11,SPT_WATER_POLO
Water Polo,1964,11,SPT_WATER_POLO
Water Polo,1968,11,SPT_WATER_POLO
Water Polo,1972,11,SPT_WATER_POLO
Water Polo,1984,13,SPT_WATER_POLO
Water Polo,1988,13,SPT_WATER_POLO
Water Polo,1992,13,SPT_WATER_POLO
Water Polo,1996,13,SPT_WATER_POLO
Water Polo,2000,26,SPT_WATER_POLO
Water Polo,2004,26,SPT_WATER_POLO
Water Polo,2008,26,SPT_WATER_POLO
Water Polo,2012,26,SPT_WATER_POLO
Water Polo,2016,26,SPT_WATER_POLO
Water Polo,2020,26,SPT_WATER_POLO
Water Polo,2024,26,SPT_WATER_POLO
Waterskiing,1972,3,SPT_WATERSKIING
Weightlifting,1904,4,SPT_WEIGHTLIFTING
Weightlifting,1932,10,SPT_WEIGHTLIFTING
Weightlifting,1936,10,SPT_WEIGHTLIFTING
Weightlifting,1948,12,SPT_WEIGHTLIFTING
Weightlifting,1952,7,SPT_WEIGHTLIFTING
Weightlifting,1956,7,SPT_WEIGHTLIFTING
Weightlifting,1960,7,SPT_WEIGHTLIFTING
Weightlifting,1964,7,SPT_WEIGHTLIFTING
Weightlifting,1968,7,SPT_WEIGHTLIFTING
Weightlifting,1972,9,SPT_WEIGHTLIFTING
Weightlifting,1976,9,SPT_WEIGHTLIFTING
Weightlifting,1984,10,SPT_WEIGHTLIFTING
Weightlifting,1988,10,SPT_WEIGHTLIFTING
Weightlifting,1992,10,SPT_WEIGHTLIFTING
Weightlifting,1996,10,SPT_WEIGHTLIFTING
Weightlifting,2000,6,SPT_WEIGHTLIFTING
Weightlifting,2004,5,SPT_WEIGHTLIFTING
Weightlifting,2008,6,SPT_WEIGHTLIFTING
Weightlifting,2012,3,SPT_WEIGHTLIFTING
Weightlifting,2016,4,SPT_WEIGHTLIFTING
Weightlifting,2020,8,SPT_WEIGHTLIFTING
Weightlifting,2024,5,SPT_WEIGHTLIFTING
Wrestling,1904,46,SPT_WRESTLING
Wrestling,1906,2,SPT_WRESTLING
Wrestling,1908,7,SPT_WRESTLING
Wrestling,1912,6,SPT_WRESTLING
Wrestling,1920,18,SPT_WRESTLING
Wrestling,1924,19,SPT_WRESTLING
Wrestling,1928,14,SPT_WRESTLING
Wrestling,1932,14,SPT_WRESTLING
Wrestling,1936,14,SPT_WRESTLING
Wrestling,1948,16,SPT_WRESTLING
Wrestling,1952,16,SPT_WRESTLING
Wrestling,1956,16,SPT_WRESTLING
Wrestling,1960,16,SPT_WRESTLING
Wrestling,1964,16,SPT_WRESTLING
Wrestling,1968,16,SPT_WRESTLING
Wrestling,1972,19,SPT_WRESTLING
Wrestling,1976,20,SPT_WRESTLING
Wrestling,1984,20,SPT_WRESTLING
Wrestling,1988,20,SPT_WRESTLING
Wrestling,1992,20,SPT_WRESTLING
Wrestling,1996,20,SPT_WRESTLING
Wrestling,2000,16,SPT_WRESTLING
Wrestling,2004,17,SPT_WRESTLING
Wrestling,2008,17,SPT_WRESTLING
Wrestling,2012,17,SPT_WRESTLING
Wrestling,2016,14,SPT_WRESTLING
Wrestling,2020,15,SPT_WRESTLING
Wrestling,2024,16,SPT_WRESTLING
Wushu,2008,5,SPT_WUSHU
